<?xml version="1.0" encoding="utf-8"?>
<!DOCTYPE hibernate-configuration PUBLIC
"-//Hibernate/Hibernate Configuration DTD 3.0//EN"
"http://www.hibernate.org/dtd/hibernate-configuration-3.0.dtd">
<hibernate-configuration>
	<session-factory>
		<property name="hibernate.bytecode.use_reflection_optimizer">false</property>
		<property name="hibernate.connection.driver_class">com.mysql.jdbc.Driver</property>
		<property name="hibernate.connection.password">temporal</property>
		<property name="hibernate.connection.url">jdbc:mysql://localhost/gamitour</property>
		<property name="hibernate.connection.username">root</property>
		<property name="hibernate.current_session_context_class">thread</property>
		<property name="hibernate.dialect">org.hibernate.dialect.MySQL5Dialect</property>
		<property name="hibernate.enable_lazy_load_no_trans">true</property>
		<property name="hibernate.jdbc.use_get_generated_keys">true</property>
		<property name="hibernate.search.autoregister_listeners">false</property>
		<property name="hibernate.validator.apply_to_ddl">false</property>

		<mapping class="com.gamitour.modelo.Itinerario" />
		<mapping class="com.gamitour.modelo.PruebaCultural" />
		<mapping class="com.gamitour.modelo.Comentario" />
		<mapping class="com.gamitour.modelo.Premio" />
		<mapping class="com.gamitour.modelo.Noticia" />
		<mapping class="com.gamitour.modelo.Voto" />
		<mapping class="com.gamitour.modelo.Actividad" />
		<mapping class="com.gamitour.modelo.Parada" />
		<mapping class="com.gamitour.modelo.PruebaDeportiva" />
		<mapping class="com.gamitour.modelo.Rol" />
		<mapping class="com.gamitour.modelo.Cliente" />
		<mapping class="com.gamitour.modelo.Multimedia" />
	</session-factory>
</hibernate-configuration>
